TotalSchedulePacketNum,TotalDiscardPacketNum,TotalRemainPacketNum,TotalThroughput,AvgThroughput,AvgSystemTime,AvgDelay,AvgTransmissionTime,QueueingMeanSystemTime,AvgPacketLossRatio,Rho
62336,0,1,498.69,99.738,3.31656,1.89544,1.42111,2.12578,0.00160418,0.108811
62793,0,0,502.344,100.469,4.80869,2.62934,2.17935,2.75311,0,0.140776
62804,0,0,502.432,100.486,2.73761,1.60026,1.13736,1.71805,0,0.0906639
62349,0,0,498.792,99.7584,3.43177,1.94567,1.48611,2.32849,0,0.120187
